-- phpMyAdmin SQL Dump
-- version 4.5.1
-- http://www.phpmyadmin.net
--
-- Host: 127.0.0.1
-- Generation Time: Apr 18, 2016 at 12:42 AM
-- Server version: 10.1.9-MariaDB
-- PHP Version: 5.6.15

SET SQL_MODE = "NO_AUTO_VALUE_ON_ZERO";
SET time_zone = "+00:00";


/*!40101 SET @OLD_CHARACTER_SET_CLIENT=@@CHARACTER_SET_CLIENT */;
/*!40101 SET @OLD_CHARACTER_SET_RESULTS=@@CHARACTER_SET_RESULTS */;
/*!40101 SET @OLD_COLLATION_CONNECTION=@@COLLATION_CONNECTION */;
/*!40101 SET NAMES utf8mb4 */;

--
-- Database: `comp4711`
--

-- --------------------------------------------------------

--
-- Table structure for table `ci_sessions`
--

CREATE TABLE `ci_sessions` (
  `id` varchar(40) NOT NULL,
  `ip_address` varchar(45) NOT NULL,
  `timestamp` int(10) UNSIGNED NOT NULL DEFAULT '0',
  `data` blob NOT NULL
) ENGINE=InnoDB DEFAULT CHARSET=utf8mb4;

--
-- Dumping data for table `ci_sessions`
--

INSERT INTO `ci_sessions` (`id`, `ip_address`, `timestamp`, `data`) VALUES
('01a18cf501ee05513f6d52352c12c5ea75a5143c', '127.0.0.1', 1460842559, 0x5f5f63695f6c6173745f726567656e65726174657c693a313436303834323330393b757365725f69647c733a323a227833223b),
('048951fb9429820de9be82b6edb7af4a1914fcde', '127.0.0.1', 1460838805, 0x5f5f63695f6c6173745f726567656e65726174657c693a313436303833383538353b),
('0a1db182c2d9247ee0a49411bb9d30f3db63b732', '127.0.0.1', 1460881498, 0x5f5f63695f6c6173745f726567656e65726174657c693a313436303838313230343b),
('0b86b1c63484a39fa3fdb929392bd164577985f4', '127.0.0.1', 1460839285, 0x5f5f63695f6c6173745f726567656e65726174657c693a313436303833393230363b),
('0f2aa33ead299b15aeb944a16a26d41b24026c0a', '127.0.0.1', 1460924775, 0x5f5f63695f6c6173745f726567656e65726174657c693a313436303932343631373b),
('1170926f099a19213d67bde48ef40775b56b71e7', '127.0.0.1', 1460920934, 0x5f5f63695f6c6173745f726567656e65726174657c693a313436303932303933333b),
('13523434b147c93d7274b756a7eb524da09122e5', '127.0.0.1', 1460884006, 0x5f5f63695f6c6173745f726567656e65726174657c693a313436303838343030343b),
('1523fb50c2bde9e86bd1c70caee12c5b551f2310', '127.0.0.1', 1460841699, 0x5f5f63695f6c6173745f726567656e65726174657c693a313436303834313637323b757365725f69647c733a323a227833223b),
('17087c8a510e3eeb463ebeaa64d1c69acd64c95f', '127.0.0.1', 1460839526, 0x5f5f63695f6c6173745f726567656e65726174657c693a313436303833393532353b),
('1df44a69cbec49f7010417fcfcdc5a2b0544c07b', '127.0.0.1', 1460884305, 0x5f5f63695f6c6173745f726567656e65726174657c693a313436303838343030363b),
('37be8cb89e94d2870135f1f87938dfc7fefaf653', '127.0.0.1', 1460883500, 0x5f5f63695f6c6173745f726567656e65726174657c693a313436303838333331323b),
('3d7efe8d511138d0c761013dc3a627273dbc3b00', '127.0.0.1', 1460882404, 0x5f5f63695f6c6173745f726567656e65726174657c693a313436303838323430313b),
('3e2f64490c7fc7ce9b66bb7e5aa8de59a3c3d85e', '127.0.0.1', 1460882214, 0x5f5f63695f6c6173745f726567656e65726174657c693a313436303838323030333b),
('3f2da74d327dfa125ebb0647e709d1de1ef8c31c', '127.0.0.1', 1460920012, 0x5f5f63695f6c6173745f726567656e65726174657c693a313436303932303031313b),
('3fd352e75e07ca4491d319d391d4da10809b89be', '127.0.0.1', 1460843703, 0x5f5f63695f6c6173745f726567656e65726174657c693a313436303834333431353b757365725f69647c733a323a227833223b),
('44307558401d2299e84066a1f0111976d34b0c7c', '127.0.0.1', 1460839525, 0x5f5f63695f6c6173745f726567656e65726174657c693a313436303833393432303b),
('4a71708dd694ef9fd8e8f03a15ae5d9743377f00', '127.0.0.1', 1460845408, 0x5f5f63695f6c6173745f726567656e65726174657c693a313436303834353131313b757365725f69647c733a323a227833223b),
('4a88740323887bc0ca390a4f13de41d08ccc814a', '127.0.0.1', 1460920475, 0x5f5f63695f6c6173745f726567656e65726174657c693a313436303932303437343b),
('547d6025b36c4d9c74293e3b3cdf4e50b71fbb4c', '127.0.0.1', 1460881203, 0x5f5f63695f6c6173745f726567656e65726174657c693a313436303838313230303b),
('54bfe51213ec6d42843a9073aaccdd7d3337d6c9', '127.0.0.1', 1460925035, 0x5f5f63695f6c6173745f726567656e65726174657c693a313436303932353033343b),
('585f19675a0852376d0278fcda5e067a45c95e2d', '127.0.0.1', 1460884949, 0x5f5f63695f6c6173745f726567656e65726174657c693a313436303838343933353b),
('58fc7aa23274007b54be6aad6303727993a40d8c', '127.0.0.1', 1460839405, 0x5f5f63695f6c6173745f726567656e65726174657c693a313436303833393238353b),
('68062842e1412bb1bbe5eafab12a7b5be1c851ad', '127.0.0.1', 1460881851, 0x5f5f63695f6c6173745f726567656e65726174657c693a313436303838313636333b),
('69c103cc71994b5c6a06b97c11cd3fbea17b5521', '127.0.0.1', 1460883851, 0x5f5f63695f6c6173745f726567656e65726174657c693a313436303838333637373b),
('6b40b416ec568c5b595720d44b56b7da52593dfd', '127.0.0.1', 1460844653, 0x5f5f63695f6c6173745f726567656e65726174657c693a313436303834343339353b757365725f69647c733a323a227833223b),
('703e7f254192ae0c4eb99c610fe414f4cfd10ecd', '127.0.0.1', 1460841029, 0x5f5f63695f6c6173745f726567656e65726174657c693a313436303834303931383b757365725f69647c733a323a227833223b),
('750a90d91ee019ce9e9279fbdac43272339ed746', '127.0.0.1', 1460846921, 0x5f5f63695f6c6173745f726567656e65726174657c693a313436303834363639343b757365725f69647c733a323a227833223b),
('76ac60b6c63f8a19f18553bb354c5661266e8b5c', '127.0.0.1', 1460844979, 0x5f5f63695f6c6173745f726567656e65726174657c693a313436303834343739383b757365725f69647c733a323a227833223b),
('7c654fb6189cff2b640bcbb00e31451209ea0a62', '127.0.0.1', 1460844380, 0x5f5f63695f6c6173745f726567656e65726174657c693a313436303834343039343b757365725f69647c733a323a227833223b),
('83fec311ee915b53350b641bea316bbb9c35370a', '127.0.0.1', 1460839846, 0x5f5f63695f6c6173745f726567656e65726174657c693a313436303833393532363b),
('84b47137ef3d249242fdebdd5bb694209001a3f8', '127.0.0.1', 1460839018, 0x5f5f63695f6c6173745f726567656e65726174657c693a313436303833383934373b),
('8b8570282bb1b7aaa4371f3e31e5236ddfcad7ba', '127.0.0.1', 1460840023, 0x5f5f63695f6c6173745f726567656e65726174657c693a313436303833393930373b),
('981e9fca5e633fe9c488ce18800653f6d800449b', '127.0.0.1', 1460880697, 0x5f5f63695f6c6173745f726567656e65726174657c693a313436303838303639363b),
('990cec551f8fdbc051b405b56e708d7b87ffeead', '127.0.0.1', 1460843084, 0x5f5f63695f6c6173745f726567656e65726174657c693a313436303834333038323b757365725f69647c733a323a227833223b),
('994d81facfb6199f4b04944363c5a94c31811467', '127.0.0.1', 1460843959, 0x5f5f63695f6c6173745f726567656e65726174657c693a313436303834333732393b757365725f69647c733a323a227833223b),
('9c8634225959fbacf08cdfdec4d3d9637e123758', '127.0.0.1', 1460884606, 0x5f5f63695f6c6173745f726567656e65726174657c693a313436303838343330373b),
('ab860fff6abbdffdcb59c7e5e161ef19d278eff2', '127.0.0.1', 1460842943, 0x5f5f63695f6c6173745f726567656e65726174657c693a313436303834323635343b757365725f69647c733a323a227833223b),
('b20f63054aa6003ae9c991822306787a3b62bb3a', '127.0.0.1', 1460883165, 0x5f5f63695f6c6173745f726567656e65726174657c693a313436303838323931373b),
('d31aa32467fc88d60fb3ef6b0e841290817b487a', '127.0.0.1', 1460840217, 0x5f5f63695f6c6173745f726567656e65726174657c693a313436303834303231343b757365725f69647c733a323a227833223b),
('d34b8b2f1bb7efd2628eb4f739c17e3577c02169', '127.0.0.1', 1460841465, 0x5f5f63695f6c6173745f726567656e65726174657c693a313436303834313333313b757365725f69647c733a323a227833223b),
('d58f8621fa3480d39ef4a7e37aeb24bd9b4d4221', '127.0.0.1', 1460884693, 0x5f5f63695f6c6173745f726567656e65726174657c693a313436303838343630383b),
('df1aa8d8501a903dce67f6fc7dcc87ce662d5900', '127.0.0.1', 1460926222, 0x5f5f63695f6c6173745f726567656e65726174657c693a313436303932363232303b),
('ea91a4908174a04593b91dfb76dbbbe6b56441e0', '127.0.0.1', 1460840888, 0x5f5f63695f6c6173745f726567656e65726174657c693a313436303834303736383b757365725f69647c733a323a227833223b),
('eb14788ed248fc360c2ce9a3111566e9636f137d', '127.0.0.1', 1460882412, 0x5f5f63695f6c6173745f726567656e65726174657c693a313436303838323430343b),
('f5261828f417d51311fc4a919cc29890ba73394a', '127.0.0.1', 1460846348, 0x5f5f63695f6c6173745f726567656e65726174657c693a313436303834363334313b757365725f69647c733a323a227833223b),
('f53e8c71f189491740fc2b336ae9cd57e62b4138', '127.0.0.1', 1460846095, 0x5f5f63695f6c6173745f726567656e65726174657c693a313436303834353830383b757365725f69647c733a323a227833223b),
('f61126b026984e9c2ca2a9d8d7012bd9297075e9', '127.0.0.1', 1460845643, 0x5f5f63695f6c6173745f726567656e65726174657c693a313436303834353432303b757365725f69647c733a323a227833223b);

-- --------------------------------------------------------

--
-- Table structure for table `gamedata`
--

CREATE TABLE `gamedata` (
  `auth_token` varchar(40) NOT NULL
) ENGINE=InnoDB DEFAULT CHARSET=utf8mb4;

-- --------------------------------------------------------

--
-- Table structure for table `movements`
--

CREATE TABLE `movements` (
  `Datetime` varchar(19) DEFAULT NULL,
  `Code` varchar(4) DEFAULT NULL,
  `Action` varchar(4) DEFAULT NULL,
  `Amount` int(2) DEFAULT NULL
) ENGINE=InnoDB DEFAULT CHARSET=utf8;

--
-- Dumping data for table `movements`
--

INSERT INTO `movements` (`Datetime`, `Code`, `Action`, `Amount`) VALUES
('2016.02.01-09:01:00', 'BOND', 'down', 5),
('2016.02.01-09:01:02', 'IND', 'div', 5),
('2016.02.01-09:01:04', 'OIL', 'down', 10),
('2016.02.01-09:01:06', 'GOLD', 'div', 5),
('2016.02.01-09:01:08', 'BOND', 'up', 20),
('2016.02.01-09:01:10', 'GOLD', 'div', 5),
('2016.02.01-09:01:12', 'GOLD', 'down', 20),
('2016.02.01-09:01:14', 'IND', 'div', 10),
('2016.02.01-09:01:16', 'OIL', 'up', 20),
('2016.02.01-09:01:18', 'BOND', 'down', 5),
('2016.02.01-09:01:20', 'BOND', 'up', 5),
('2016.02.01-09:01:22', 'BOND', 'div', 20),
('2016.02.01-09:01:24', 'BOND', 'div', 20),
('2016.02.01-09:01:26', 'GOLD', 'div', 20),
('2016.02.01-09:01:28', 'IND', 'up', 20),
('2016.02.01-09:01:30', 'OIL', 'down', 20),
('2016.02.01-09:01:32', 'GRAN', 'down', 20),
('2016.02.01-09:01:34', 'BOND', 'up', 5),
('2016.02.01-09:01:36', 'GOLD', 'down', 20),
('2016.02.01-09:01:38', 'GOLD', 'down', 20),
('2016.02.01-09:01:40', 'TECH', 'down', 20),
('2016.02.01-09:01:42', 'TECH', 'up', 5),
('2016.02.01-09:01:44', 'OIL', 'up', 20),
('2016.02.01-09:01:46', 'BOND', 'up', 5),
('2016.02.01-09:01:48', 'GOLD', 'div', 10),
('2016.02.01-09:01:50', 'GOLD', 'down', 5),
('2016.02.01-09:01:52', 'GOLD', 'up', 20),
('2016.02.01-09:01:54', 'IND', 'down', 10),
('2016.02.01-09:01:56', 'GOLD', 'div', 20);

-- --------------------------------------------------------

--
-- Table structure for table `playerholdings`
--

CREATE TABLE `playerholdings` (
  `Player` varchar(6) DEFAULT NULL,
  `Stock` varchar(4) DEFAULT NULL,
  `Quantity` int(4) DEFAULT NULL
) ENGINE=InnoDB DEFAULT CHARSET=utf8;

--
-- Dumping data for table `playerholdings`
--

INSERT INTO `playerholdings` (`Player`, `Stock`, `Quantity`) VALUES
('Donald', 'BOND', 2500),
('Donald', 'GOLD', 1200),
('Donald', 'TECH', 3000),
('Henry', 'OIL', 4000),
('Henry', 'BOND', 2200),
('Henry', 'TECH', 8000),
('Henry', 'IND', 1500),
('Henry', 'GRAN', 4600),
('George', 'BOND', 5200),
('George', 'TECH', 520),
('George', 'OIL', 600),
('George', 'GRAN', 1200),
('George', 'IND', 900),
('Mickey', 'GOLD', 880),
('Mickey', 'BOND', 3400),
('Mickey', 'OIL', 6200);

-- --------------------------------------------------------

--
-- Table structure for table `players`
--

CREATE TABLE `players` (
  `Player` varchar(6) DEFAULT NULL,
  `Cash` int(4) DEFAULT NULL,
  `Equity` int(10) DEFAULT NULL
) ENGINE=InnoDB DEFAULT CHARSET=utf8;

--
-- Dumping data for table `players`
--

INSERT INTO `players` (`Player`, `Cash`, `Equity`) VALUES
('Mickey', 1000, 2500),
('Donald', 3000, 6000),
('George', 2000, 8000),
('Henry', 2500, 12000),
('lol', 500, 500),
('x3', 333, 333),
('Oscar', 123, 123);

-- --------------------------------------------------------

--
-- Table structure for table `stocks`
--

CREATE TABLE `stocks` (
  `Code` varchar(4) DEFAULT NULL,
  `Name` varchar(10) DEFAULT NULL,
  `Category` varchar(1) DEFAULT NULL,
  `Value` int(3) DEFAULT NULL
) ENGINE=InnoDB DEFAULT CHARSET=utf8;

--
-- Dumping data for table `stocks`
--

INSERT INTO `stocks` (`Code`, `Name`, `Category`, `Value`) VALUES
('BOND', 'Bonds', 'B', 66),
('GOLD', 'Gold', 'C', 110),
('GRAN', 'Grain', 'A', 113),
('IND', 'Industrial', 'B', 39),
('OIL', 'Oil', 'D', 52),
('TECH', 'Tech', 'B', 37),
('COAL', 'Coal', 'B', 35),
('MTL', 'Metal', 'D', 22),
('UTL', 'Utilities', 'A', 240),
('ENER', 'Energy', 'C', 11),
('AUTO', 'Automobile', 'D', 85),
('PHM', 'Pharmaceut', 'C', 49),
('TD', 'Toronto-Do', 'A', 76),
('RBC', 'Royal Bank', 'D', 9),
('AST', 'Asset', 'B', 72),
('APPL', 'Apple', 'C', 41);

-- --------------------------------------------------------

--
-- Table structure for table `transactions`
--

CREATE TABLE `transactions` (
  `DateTime` varchar(19) DEFAULT NULL,
  `Player` varchar(6) DEFAULT NULL,
  `Stock` varchar(4) DEFAULT NULL,
  `Trans` varchar(4) DEFAULT NULL,
  `Quantity` int(4) DEFAULT NULL
) ENGINE=InnoDB DEFAULT CHARSET=utf8;

--
-- Dumping data for table `transactions`
--

INSERT INTO `transactions` (`DateTime`, `Player`, `Stock`, `Trans`, `Quantity`) VALUES
('2016.02.01-09:01:00', 'Donald', 'BOND', 'buy', 100),
('2016.02.01-09:01:05', 'Donald', 'TECH', 'sell', 1000),
('2016.02.01-09:01:10', 'Henry', 'TECH', 'sell', 1000),
('2016.02.01-09:01:15', 'Donald', 'IND', 'sell', 1000),
('2016.02.01-09:01:20', 'George', 'GOLD', 'sell', 100),
('2016.02.01-09:01:25', 'George', 'OIL', 'buy', 500),
('2016.02.01-09:01:30', 'Henry', 'GOLD', 'sell', 100),
('2016.02.01-09:01:35', 'Henry', 'GOLD', 'buy', 1000),
('2016.02.01-09:01:40', 'Donald', 'TECH', 'buy', 100),
('2016.02.01-09:01:45', 'Donald', 'OIL', 'sell', 100),
('2016.02.01-09:01:50', 'Donald', 'TECH', 'sell', 100),
('2016.02.01-09:01:55', 'George', 'OIL', 'buy', 100),
('2016.02.01-09:01:60', 'George', 'IND', 'buy', 100);

-- --------------------------------------------------------

--
-- Table structure for table `users`
--

CREATE TABLE `users` (
  `id` int(10) NOT NULL,
  `name` varchar(20) NOT NULL,
  `password` varchar(64) NOT NULL,
  `role` varchar(20) NOT NULL
) ENGINE=MyISAM DEFAULT CHARSET=latin1;

--
-- Dumping data for table `users`
--

INSERT INTO `users` (`id`, `name`, `password`, `role`) VALUES
(1, 'lol', '$2y$10$z5bnvXy1rXNC0V2BLhqU/OGv9tDLW7t0hfDfhOesscRrK.Q0q0iRq', ''),
(2, 'abc', '$2y$10$8RySSRlRUXqyoTHXSSC0ju0ZmkYsrwCYUvkq16rWsSxtRmy2rUnG2', ''),
(3, 'Oscar', '$2y$10$Rc/XCXViDXVzjTQap/bvveNtEnvG6DtDiZtD468BimimDreLdmRNG', ''),
(4, 'x3', '$2y$10$xKq2glDLNb6.2222GV0Zg.IVqWgu/ycyaJSEfpIVnWzW8BWAMq4WK', '');

--
-- Indexes for dumped tables
--

--
-- Indexes for table `ci_sessions`
--
ALTER TABLE `ci_sessions`
  ADD PRIMARY KEY (`id`),
  ADD KEY `ci_sessions_timestamp` (`timestamp`);

--
-- Indexes for table `users`
--
ALTER TABLE `users`
  ADD PRIMARY KEY (`id`);

--
-- AUTO_INCREMENT for dumped tables
--

--
-- AUTO_INCREMENT for table `users`
--
ALTER TABLE `users`
  MODIFY `id` int(10) NOT NULL AUTO_INCREMENT, AUTO_INCREMENT=5;
/*!40101 SET CHARACTER_SET_CLIENT=@OLD_CHARACTER_SET_CLIENT */;
/*!40101 SET CHARACTER_SET_RESULTS=@OLD_CHARACTER_SET_RESULTS */;
/*!40101 SET COLLATION_CONNECTION=@OLD_COLLATION_CONNECTION */;
